{"generation": 95, "fitness_history": [-0.24220890239315276, -0.20886158604294788, -0.1968515354176251, -0.17542289487474128, -0.16428797093640723, -0.15274528543993446, -0.14611682441937135, -0.1450944639320706, -0.1450944639320706, -0.14269348194986817, -0.14214918605131116, -0.141626747720839, -0.14113141575393778, -0.14087146235817827, -0.140843766865702, -0.14080031001745819, -0.1406830932726914, -0.14060495107207668, -0.14058207131822356, -0.14058207131822356, -0.14055965491924866, -0.14053084005330982, -0.1405063302829999, -0.14048238208094146, -0.14045529035203233, -0.14045529035203233, -0.1404532147276838, -0.14044429343924408, -0.14044339872483708, -0.14044184113997366, -0.14043967820765713, -0.14043967820765713, -0.14043967820765713, -0.1404367154737034, -0.14043645979638064, -0.14043645979638064, -0.14043645979638064, -0.14043645979638064, -0.14043645979638064, -0.14043645979638064, -0.14043645979638064, -0.14043645979638064, -0.14043645979638064, -0.14043645979638064, -0.14043645979638064, -0.14043645979638064, -0.14043645979638064, -0.14043645979638064, -0.14043645979638064, -0.14043645979638064, -0.14043645979638064, -0.14043645979638064, -0.14043645979638064, -0.14043645979638064, -0.14043645979638064, -0.14043645979638064, -0.14043645979638064, -0.14043435252226558, -0.14043435252226558, -0.14043435252226558, -0.14043435252226558, -0.14043435252226558, -0.1404341761360719, -0.14043405114091037, -0.14043405114091037, -0.14043270550484632, -0.14043270550484632, -0.14043270550484632, -0.14043270550484632, -0.14043270550484632, -0.14043270550484632, -0.1404325598593952, -0.1404325598593952, -0.14043225286903824, -0.14043225286903824, -0.1404317960128271, -0.1404317960128271, -0.14043177412600272, -0.1404317003935776, -0.1404317003935776, -0.14043154450039558, -0.14043154450039558, -0.14043154450039558, -0.14043154450039558, -0.14043154450039558, -0.14043154450039558, -0.14043154450039558, -0.14043154450039558, -0.14043152314701512, -0.14043152314701512, -0.14043152314701512, -0.14043152314701512, -0.14043151931086886, -0.14043151931086886, -0.14043151931086886, -0.14043151931086886], "rng_state": {"bit_generator": "PCG64", "state": {"state": 59172316962134818534535949896455483282, "inc": 110613725210073610656388938790337288503}, "has_uint32": 0, "uinteger": 487032182}, "saved_at": "2026-02-24T17:57:55.738649+00:00", "dna_genes": ["min_edge", "min_confidence", "sharp_weight", "momentum_weight", "rest_weight", "kelly_fraction", "max_stake", "home_bias", "away_bias", "h2h_weight", "draw_threshold", "volatility_buffer", "bayes_trust_factor"], "population_shape": [500, 13]}