{"generation": 95, "fitness_history": [0.16213122983067366, 0.17796483953432413, 0.18988043803191468, 0.21135522611914626, 0.21404459710762236, 0.2178085898547027, 0.22170644526372912, 0.227059648735889, 0.2294444349335425, 0.23148152996040383, 0.232489877410416, 0.23302392532762162, 0.23331545446471705, 0.2334443711634161, 0.2334460373512723, 0.2334508405908155, 0.23345084059081567, 0.23345084059081567, 0.23345312767324244, 0.2334547662362905, 0.23345476623629052, 0.23345476623629063, 0.23345476623629063, 0.23345476623629063, 0.23345529026005102, 0.23345529026005102, 0.23345557660166016, 0.2334555766016604, 0.2334555766016604, 0.2334555766016604, 0.2334555766016604, 0.2334555848452601, 0.2334555848452601, 0.2334555848452601, 0.2334555848452601, 0.2334555848452601, 0.23345595356293064, 0.23345595356293064, 0.23345595356293064, 0.23345595356293064, 0.2334559535629307, 0.2334559535629307, 0.23345595356293075, 0.23345595356293075, 0.23345595356293075, 0.23345595356293075, 0.23345595356293075, 0.23345595356293075, 0.23345595356293075, 0.23345595356293075, 0.23345595356293075, 0.23345595356293075, 0.23345595356293075, 0.23345595356293075, 0.23345595356293075, 0.23345595356293075, 0.23345595356293075, 0.23345595356293075, 0.23345595356293075, 0.23345595356293075, 0.23345595356293075, 0.23345595356293075, 0.23345595356293075, 0.23345595356293075, 0.23345595356293075, 0.23345595356293075, 0.23345595356293075, 0.23345595356293075, 0.23345595356293075, 0.23345595356293075, 0.2334559535629308, 0.2334559535629308, 0.2334559535629308, 0.2334559535629308, 0.2334559535629308, 0.2334559535629308, 0.2334559535629308, 0.2334559535629308, 0.2334559535629308, 0.2334559535629308, 0.2334559535629308, 0.2334559535629308, 0.2334559535629308, 0.2334559535629308, 0.2334559535629308, 0.2334559535629308, 0.2334559535629308, 0.2334559535629308, 0.2334559535629308, 0.2334559535629308, 0.2334559944529698, 0.2334559944529698, 0.23345599445297005, 0.23345599445297005, 0.23345599445297005, 0.23345599445297005], "rng_state": {"bit_generator": "PCG64", "state": {"state": 59172316962134818534535949896455483282, "inc": 110613725210073610656388938790337288503}, "has_uint32": 0, "uinteger": 487032182}, "saved_at": "2026-02-24T18:10:48.255262+00:00", "dna_genes": ["min_edge", "min_confidence", "sharp_weight", "momentum_weight", "rest_weight", "kelly_fraction", "max_stake", "home_bias", "away_bias", "h2h_weight", "draw_threshold", "volatility_buffer", "bayes_trust_factor"], "population_shape": [500, 13]}