{"generation": 95, "fitness_history": [-0.012558765750703478, -0.0004543910135401501, 0.011012733858735718, 0.014627401953935405, 0.018286061331263467, 0.022416502171116376, 0.024130641315835335, 0.024130641315835335, 0.02523709309069499, 0.02567045600043011, 0.02729155423278614, 0.02799635449946168, 0.029006653218276147, 0.029899897401324912, 0.03020566040784372, 0.030481855416342837, 0.031126809212471865, 0.03132241975401408, 0.03147495756640386, 0.03184154630130148, 0.03195103965437272, 0.03195103965437272, 0.03197489129009319, 0.03199141129532243, 0.03199141129532243, 0.03199141129532243, 0.03199141129532243, 0.03199141129532243, 0.03199141129532243, 0.03199141129532243, 0.03199141129532243, 0.03199141129532243, 0.03199141129532243, 0.03199141129532243, 0.03199141129532243, 0.03199141129532243, 0.03199141129532243, 0.03199141129532243, 0.03199141129532243, 0.03199141129532243, 0.03199141129532243, 0.03199141129532243, 0.03199141129532243, 0.03199141129532243, 0.03199141129532243, 0.03199141129532243, 0.03199141129532243, 0.03199141129532243, 0.03199141129532243, 0.03199141129532243, 0.03199141129532243, 0.03199141129532243, 0.03199141129532243, 0.03199141129532243, 0.03199141129532243, 0.03199141129532243, 0.03199141129532243, 0.03199141129532243, 0.03199141129532243, 0.03199141129532243, 0.03199141129532243, 0.03199141129532243, 0.03199141129532243, 0.03199141129532243, 0.03199141129532243, 0.03199141129532243, 0.03199141129532243, 0.03199141129532243, 0.03199141129532243, 0.03199141129532243, 0.03199141129532243, 0.03199141129532243, 0.03199141129532243, 0.03199141129532243, 0.03199141129532243, 0.03199141129532243, 0.03199141129532243, 0.03199141129532243, 0.03199141129532243, 0.03199141129532243, 0.03199141129532243, 0.03199141129532243, 0.03199141129532243, 0.03199141129532243, 0.03199141129532243, 0.03199141129532243, 0.03199141129532243, 0.03199141129532243, 0.03199141129532243, 0.03199141129532243, 0.03199141129532243, 0.03199141129532243, 0.03199141129532243, 0.03199141129532243, 0.03199141129532243, 0.03199141129532243], "rng_state": {"bit_generator": "PCG64", "state": {"state": 59172316962134818534535949896455483282, "inc": 110613725210073610656388938790337288503}, "has_uint32": 0, "uinteger": 487032182}, "saved_at": "2026-02-24T18:09:25.386049+00:00", "dna_genes": ["min_edge", "min_confidence", "sharp_weight", "momentum_weight", "rest_weight", "kelly_fraction", "max_stake", "home_bias", "away_bias", "h2h_weight", "draw_threshold", "volatility_buffer", "bayes_trust_factor"], "population_shape": [500, 13]}