{"generation": 295, "fitness_history": [-0.5649548288632567, -0.510927250297025, -0.5001624055070757, -0.4848085879796341, -0.4826111207413612, -0.471453216989691, -0.46773928744762866, -0.46185360343587095, -0.4588886881655485, -0.45812376900161245, -0.45677439096561123, -0.4554382985391574, -0.4548842603444422, -0.454708548399065, -0.4544344357409894, -0.45408786171056303, -0.4538345899388553, -0.4538300485594168, -0.45382297634113344, -0.45381992475959093, -0.45381992475959093, -0.45381992475959093, -0.4538198665931801, -0.4538197427941054, -0.4538197427941054, -0.4538197142158803, -0.4538197142158803, -0.4538197142158803, -0.4538197142158803, -0.4538197142158803, -0.4538197142158803, -0.4538197142158803, -0.4538197142158803, -0.4538197070870054, -0.4538197070870054, -0.4538197070870054, -0.45381970277486644, -0.45381970277486644, -0.45381970277486644, -0.45381970277486644, -0.45381970277486644, -0.45381970277486644, -0.45381970277486644, -0.45381970277486644, -0.45381970277486644, -0.45381970277486644, -0.45381970277486644, -0.45381970277486644, -0.45381970277486644, -0.45381970277486644, -0.45381970277486644, -0.45381970277486644, -0.45381970277486644, -0.45381970277486644, -0.45381970277486644, -0.45381970277486644, -0.45381970277486644, -0.45381970277486644, -0.45381970277486644, -0.45381970277486644, -0.45381970277486644, -0.45381970277486644, -0.45381970277486644, -0.45381970277486644, -0.45381970277486644, -0.45381970277486644, -0.45381970277486644, -0.45381970277486644, -0.45381970277486644, -0.45381970277486644, -0.45381970277486644, -0.45381970277486644, -0.45381970277486644, -0.45381970197809196, -0.4538196999446663, -0.4538196999446663, -0.4538196999446663, -0.4538196999446663, -0.4538196999446663, -0.4538196999446663, -0.4538196999446663, -0.4538196999446663, -0.4538196999446663, -0.4538196999446663, -0.4538196999446663, -0.4538196999446663, -0.4538196999446663, -0.4538196999446663, -0.4538196999446663, -0.4538196999446663, -0.4538196999446663, -0.4538196999446663, -0.4538196999446663, -0.4538196999446663, -0.4538196999446663, -0.4538196999446663, -0.4538196999446663, -0.4538196999446663, -0.4538196999446663, -0.4538196999446663, -0.4538196999446663, -0.4538196999446663, -0.4538196999446663, -0.4538196999446663, -0.4538196986295677, -0.4538196986295677, -0.4538196986295677, -0.4538196986295677, -0.4538196986295677, -0.4538196986295677, -0.4538196986295677, -0.4538196986295677, -0.4538196986295677, -0.4538196986295677, -0.4538196986295677, -0.4538196986295677, -0.4538196986295677, -0.4538196986295677, -0.4538196986295677, -0.4538196986295677, -0.4538196986295677, -0.4538196986295677, -0.4538196986295677, -0.4538196986295677, -0.4538196986295677, -0.4538196986295677, -0.4538196986295677, -0.4538196986295677, -0.4538196986295677, -0.4538196986295677, -0.4538196986295677, -0.4538196971355616, -0.4538196971355616, -0.4538196971355616, -0.4538196971355616, -0.4538196971355616, -0.4538196971355616, -0.4538196971355616, -0.4538196971355616, -0.4538196971355616, -0.4538196971355616, -0.4538196971355616, -0.4538196971355616, -0.4538196971355616, -0.4538196971355616, -0.4538196971355616, -0.4538196971355616, -0.4538196971355616, -0.4538196971355616, -0.4538196971355616, -0.4538196971355616, -0.4538196971355616, -0.4538196971355616, -0.4538196971355616, -0.4538196971355616, -0.4538196971355616, -0.4538196971355616, -0.4538196971355616, -0.4538196971355616, -0.4538196971355616, -0.4538196971355616, -0.4538196971355616, -0.4538196971355616, -0.4538196971355616, -0.4538196971355616, -0.4538196971355616, -0.4538196971355616, -0.4538196971355616, -0.4538196971355616, -0.4538196971355616, -0.4538196971355616, -0.45381969713004955, -0.45381969713004955, -0.45381969713004955, -0.45381969713004955, -0.45381969713004955, -0.45381969713004955, -0.45381969713004955, -0.45381969713004955, -0.45381969713004955, -0.45381969713004955, -0.45381969713004955, -0.45381969713004955, -0.45381969713004955, -0.45381969713004955, -0.45381969713004955, -0.45381969713004955, -0.45381969713004955, -0.45381969713004955, -0.45381969713004955, -0.45381969713004955, -0.45381969713004955, -0.45381969713004955, -0.45381969713004955, -0.45381969713004955, -0.45381969713004955, -0.45381969713004955, -0.45381969713004955, -0.45381969713004955, -0.45381969713004955, -0.45381969713004955, -0.45381969713004955, -0.45381969713004955, -0.45381969713004955, -0.45381969713004955, -0.45381969713004955, -0.45381969713004955, -0.45381969713004955, -0.45381969713004955, -0.45381969713004955, -0.45381969713004955, -0.45381969713004955, -0.45381969713004955, -0.45381969713004955, -0.45381969713004955, -0.45381969713004955, -0.45381969713004955, -0.45381969713004955, -0.45381969713004955, -0.45381969713004955, -0.45381969713004955, -0.45381969713004955, -0.45381969713004955, -0.45381969713004955, -0.45381969713004955, -0.45381969713004955, -0.45381969713004955, -0.45381969713004955, -0.45381969713004955, -0.45381969713004955, -0.45381969713004955, -0.45381969713004955, -0.45381969713004955, -0.45381969713004955, -0.45381969713004955, -0.45381969713004955, -0.45381969713004955, -0.45381969713004955, -0.45381969713004955, -0.45381969713004955, -0.45381969713004955, -0.45381969713004955, -0.45381969713004955, -0.45381969713004955, -0.45381969713004955, -0.45381969713004955, -0.45381969713004955, -0.45381969713004955, -0.45381969713004955, -0.45381969713004955, -0.45381969713004955, -0.45381969713004955, -0.45381969713004955, -0.45381969713004955, -0.45381969713004955, -0.45381969713004955, -0.45381969713004955, -0.45381969713004955, -0.45381969713004955, -0.45381969713004955, -0.45381969713004955, -0.45381969713004955, -0.45381969713004955, -0.45381969713004955, -0.45381969713004955, -0.45381969713004955, -0.45381969713004955, -0.45381969713004955, -0.45381969713004955, -0.45381969713004955, -0.45381969713004955, -0.45381969713004955, -0.45381969713004955, -0.4538196971116899, -0.4538196971116899, -0.4538196971116899, -0.4538196971116899, -0.4538196971116899, -0.4538196971116899, -0.4538196971116899, -0.4538196971116899, -0.4538196971116899, -0.4538196971116899, -0.4538196971116899, -0.4538196971116899, -0.4538196971116899, -0.4538196971116899, -0.4538196971116899, -0.4538196971116899, -0.4538196971116899, -0.4538196971116899, -0.4538196971116899, -0.4538196971116899, -0.4538196971116899, -0.4538196971116899, -0.4538196971116899], "rng_state": {"bit_generator": "PCG64", "state": {"state": 219151150999656619487787197527740288796, "inc": 286125769135766650981140821262532074703}, "has_uint32": 0, "uinteger": 565151092}, "saved_at": "2026-02-24T13:11:18.132972+00:00", "dna_genes": ["min_edge", "min_confidence", "sharp_weight", "momentum_weight", "rest_weight", "kelly_fraction", "max_stake", "home_bias", "away_bias", "h2h_weight", "draw_threshold", "volatility_buffer", "bayes_trust_factor"], "population_shape": [4000, 13]}