{"generation": 395, "fitness_history": [0.045366313530203414, 0.05599961107922674, 0.06334995524629977, 0.06842987889368964, 0.07694631894062028, 0.07914332155446976, 0.08127776338910146, 0.08203733693798318, 0.08461083046489848, 0.0853644464729579, 0.08555686020314218, 0.08595799598213116, 0.08608089912303629, 0.08610817268815422, 0.08616646093071607, 0.08618983067540849, 0.08619553183268863, 0.08619553183268863, 0.08619553183268863, 0.0861955318326887, 0.08619553183268876, 0.08619553183268876, 0.08619553183268883, 0.08619553183268883, 0.08619553183268883, 0.08619553183268883, 0.08619553183268883, 0.08619553183268883, 0.08619553183268883, 0.08619553183268883, 0.08619553183268883, 0.08619553183268885, 0.08619553183268885, 0.08619553183268885, 0.08619553183268885, 0.08619553183268885, 0.08619553183268885, 0.08619553183268885, 0.08619553183268885, 0.08619553183268887, 0.08619553183268887, 0.08619553183268887, 0.08619553183268887, 0.08619553183268887, 0.08619553183268887, 0.08619553183268887, 0.08619553183268887, 0.08619553183268887, 0.08619553183268887, 0.08619553183268908, 0.08619553183268908, 0.08619553183268908, 0.08619553183268908, 0.08619553183268908, 0.08619553183268908, 0.08619553183268908, 0.08619553183268908, 0.08619553183268908, 0.08619553183268908, 0.08619553183268908, 0.08619553183268908, 0.08619553183268908, 0.08619553183268908, 0.08619553183268908, 0.08619553183268908, 0.08619553183268908, 0.08619553183268908, 0.08619553183268908, 0.08619553183268908, 0.08619553183268908, 0.08619553183268908, 0.08619553183268908, 0.08619553183268908, 0.08619553183268908, 0.08619553183268908, 0.08619553183268908, 0.08619553183268908, 0.08619553183268908, 0.08619553183268908, 0.08619553183268908, 0.08619553183268908, 0.08619553183268908, 0.08619553183268908, 0.08619553183268908, 0.08619553183268908, 0.08619553183268908, 0.08619553183268908, 0.08619553183268908, 0.08619553183268908, 0.08619553183268908, 0.08619553183268908, 0.08619553183268908, 0.08619553183268908, 0.08619553183268908, 0.08619553183268908, 0.08619553183268908, 0.08619553183268908, 0.08619553183268908, 0.08619553183268908, 0.08619553183268908, 0.08619553183268908, 0.08619553183268908, 0.08619553183268908, 0.08619553183268908, 0.08619553183268908, 0.08619553183268908, 0.08619553183268908, 0.08619553183268908, 0.08619553183268908, 0.08619553183268908, 0.08619553183268908, 0.08619553183268908, 0.08619553183268908, 0.08619553183268908, 0.08619553183268908, 0.08619553183268908, 0.08619553183268908, 0.08619553183268908, 0.08619553183268908, 0.08619553183268908, 0.08619553183268908, 0.08619553183268908, 0.08619553183268908, 0.08619553183268908, 0.08619553183268908, 0.08619553183268908, 0.08619553183268908, 0.08619553183268908, 0.08619553183268908, 0.08619553183268908, 0.08619553183268908, 0.08619553183268908, 0.08619553183268908, 0.08619553183268908, 0.08619553183268908, 0.08619553183268908, 0.08619553183268908, 0.08619553183268908, 0.08619553183268908, 0.08619553183268908, 0.08619553183268908, 0.08619553183268908, 0.08619553183268908, 0.08619553183268908, 0.08619553183268908, 0.08619553183268908, 0.08619553183268908, 0.08619553183268908, 0.08619553183268908, 0.08619553183268908, 0.08619553183268908, 0.08619553183268908, 0.08619553183268908, 0.08619553183268908, 0.08619553183268908, 0.08619553183268908, 0.08619553183268908, 0.08619553183268908, 0.08619553183268908, 0.08619553183268908, 0.08619553183268908, 0.08619553183268908, 0.08619553183268908, 0.08619553183268908, 0.08619553183268908, 0.08619553183268908, 0.08619553183268908, 0.08619553183268908, 0.08619553183268908, 0.08619553183268908, 0.08619553183268908, 0.08619553183268908, 0.08619553183268908, 0.08619553183268908, 0.08619553183268908, 0.08619553183268908, 0.08619553183268908, 0.08619553183268908, 0.08619553183268908, 0.08619553183268908, 0.08619553183268908, 0.08619553183268908, 0.08619553183268908, 0.08619553183268908, 0.08619553183268908, 0.08619553183268908, 0.08619553183268908, 0.08619553183268908, 0.08619553183268908, 0.08619553183268908, 0.08619553183268908, 0.08619553183268908, 0.08619553183268908, 0.08619553183268908, 0.08619553183268908, 0.08619553183268908, 0.08619553183268908, 0.08619553183268908, 0.08619553183268908, 0.08619553183268908, 0.08619553183268908, 0.08619553183268908, 0.08619553183268908, 0.08619553183268908, 0.08619553183268908, 0.08619553183268908, 0.08619553183268908, 0.08619553183268908, 0.08619553183268908, 0.08619553183268908, 0.08619553183268908, 0.08619553183268908, 0.08619553183268935, 0.08619553183268935, 0.08619553183268935, 0.08619553183268935, 0.08619553183268935, 0.08619553183268935, 0.08619553183268935, 0.08619553183268935, 0.08619553183268935, 0.08619553183268935, 0.08619553183268935, 0.08619553183268935, 0.08619553183268935, 0.08619553183268935, 0.08619553183268935, 0.08619553183268935, 0.08619553183268935, 0.08619553183268935, 0.08619553183268935, 0.08619553183268935, 0.08619553183268935, 0.08619553183268935, 0.08619553183268935, 0.08619553183268935, 0.08619553183268935, 0.08619553183268935, 0.08619553183268935, 0.08619553183268935, 0.08619553183268935, 0.08619553183268935, 0.08619553183268935, 0.08619553183268935, 0.08619553183268935, 0.08619553183268935, 0.08619553183268935, 0.08619553183268935, 0.08619553183268935, 0.08619553183268935, 0.08619553183268935, 0.08619553183268935, 0.08619553183268935, 0.08619553183268935, 0.08619553183268935, 0.08619553183268935, 0.08619553183268935, 0.08619553183268935, 0.08619553183268935, 0.08619553183268935, 0.08619553183268935, 0.08619553183268935, 0.08619553183268935, 0.08619553183268935, 0.08619553183268935, 0.08619553183268935, 0.08619553183268935, 0.08619553183268935, 0.08619553183268935, 0.08619553183268935, 0.08619553183268935, 0.08619553183268935, 0.08619553183268935, 0.08619553183268935, 0.08619553183268935, 0.08619553183268935, 0.08619553183268935, 0.08619553183268935, 0.08619553183268935, 0.08619553183268935, 0.08619553183268935, 0.08619553183268935, 0.08619553183268935, 0.08619553183268935, 0.08619553183268935, 0.08619553183268935, 0.08619553183268935, 0.08619553183268935, 0.08619553183268935, 0.08619553183268935, 0.08619553183268935, 0.08619553183268935, 0.08619553183268935, 0.08619553183268935, 0.08619553183268935, 0.08619553183268935, 0.08619553183268935, 0.08619553183268935, 0.08619553183268935, 0.08619553183268935, 0.08619553183268935, 0.08619553183268935, 0.08619553183268935, 0.08619553183268935, 0.08619553183268935, 0.08619553183268935, 0.08619553183268935, 0.08619553183268935, 0.08619553183268935, 0.08619553183268935, 0.08619553183268935, 0.08619553183268935, 0.08619553183268935, 0.08619553183268935, 0.08619553183268935, 0.08619553183268935, 0.08619553183268935, 0.08619553183268935, 0.08619553183268935, 0.08619553183268935, 0.08619553183268935, 0.08619553183268935, 0.08619553183268935, 0.08619553183268935, 0.08619553183268935, 0.08619553183268935, 0.08619553183268935, 0.08619553183268935, 0.08619553183268935, 0.08619553183268935, 0.08619553183268935, 0.08619553183268935, 0.08619553183268935, 0.08619553183268935, 0.08619553183268935, 0.08619553183268935, 0.08619553183268935, 0.08619553183268935, 0.08619553183268935, 0.08619553183268935, 0.08619553183268935, 0.08619553183268935, 0.08619553183268935, 0.08619553183268935, 0.08619553183268935, 0.08619553183268935, 0.08619553183268935, 0.08619553183268935, 0.08619553183268935, 0.08619553183268935, 0.08619553183268935, 0.08619553183268935, 0.08619553183268935, 0.08619553183268935, 0.08619553183268935, 0.08619553183268935, 0.08619553183268935, 0.08619553183268935, 0.08619553183268935, 0.08619553183268935, 0.08619553183268935, 0.08619553183268935, 0.08619553183268935, 0.08619553183268935, 0.08619553183268935, 0.08619553183268935, 0.08619553183268935, 0.08619553183268935, 0.08619553183268935, 0.08619553183268935, 0.08619553183268935, 0.08619553183268935, 0.08619553183268935, 0.08619553183268935, 0.08619553183268935, 0.08619553183268935, 0.08619553183268935, 0.08619553183268935, 0.08619553183268935, 