{"generation": 95, "fitness_history": [-0.329214821752684, -0.30327265928481845, -0.28231565637155975, -0.2644852803862597, -0.2419895045711608, -0.2393670693686888, -0.23462946889831632, -0.22848611678220238, -0.22304665400667575, -0.2212997603292642, -0.21865905110974393, -0.21816655352928166, -0.21611719273656477, -0.21609659239400153, -0.21445918837027464, -0.2137923901998749, -0.21343549484709715, -0.21297102136032098, -0.21297102136032098, -0.21288931102204817, -0.2128827169482596, -0.2128225837829441, -0.2128036006513676, -0.21277883952373383, -0.21277581216893515, -0.21277581216893515, -0.21277581216893515, -0.21277581216893515, -0.21277581216893515, -0.21277581216893515, -0.21277581216893515, -0.21277581216893515, -0.21277581216893515, -0.21277581216893515, -0.21277581216893515, -0.21277581216893515, -0.21277581216893515, -0.21277581216893515, -0.21277581216893515, -0.21277581216893515, -0.21277581216893515, -0.21277581216893515, -0.21277581216893515, -0.21277581216893515, -0.21277581216893515, -0.21277581216893515, -0.21277581216893515, -0.21277581216893515, -0.21277581216893515, -0.21277581216893515, -0.21277581216893515, -0.21277581216893515, -0.21277581216893515, -0.21277581216893515, -0.21277581216893515, -0.21277581216893515, -0.21277581216893515, -0.21277581216893515, -0.21277581216893515, -0.21277581216893515, -0.21277581216893515, -0.21277581216893515, -0.21277581216893515, -0.21277581216893515, -0.21277581216893515, -0.21277581216893515, -0.21277581216893515, -0.21277581216893515, -0.21277581216893515, -0.21277581216893515, -0.21277581216893515, -0.21277581216893515, -0.21277581216893515, -0.21277581216893515, -0.21277581216893515, -0.21277581216893515, -0.21277581216893515, -0.21277581216893515, -0.21277581216893515, -0.21277581216893515, -0.21277581216893515, -0.21277581216893515, -0.21277581216893515, -0.21277581216893515, -0.21277581216893515, -0.21277581216893515, -0.21277581216893515, -0.21277581216893515, -0.21277581216893515, -0.21277581216893515, -0.21277581216893515, -0.21277581216893515, -0.21277581216893515, -0.21277581216893515, -0.21277581216893515, -0.21277581216893515], "rng_state": {"bit_generator": "PCG64", "state": {"state": 59172316962134818534535949896455483282, "inc": 110613725210073610656388938790337288503}, "has_uint32": 0, "uinteger": 487032182}, "saved_at": "2026-02-24T18:02:08.580809+00:00", "dna_genes": ["min_edge", "min_confidence", "sharp_weight", "momentum_weight", "rest_weight", "kelly_fraction", "max_stake", "home_bias", "away_bias", "h2h_weight", "draw_threshold", "volatility_buffer", "bayes_trust_factor"], "population_shape": [500, 13]}