{"generation": 195, "fitness_history": [-0.505573589035818, -0.42278353648756023, -0.375376827468878, -0.34502698075930216, -0.3328749928126602, -0.3018335450666966, -0.30000732417347137, -0.2945567898910447, -0.28681472256749974, -0.2863831136929629, -0.28294718518833073, -0.2828617814819281, -0.2825101321278698, -0.282172772059891, -0.2821191899624758, -0.2819621114070728, -0.28173312318286436, -0.2817331231828643, -0.28159828215314003, -0.28159828215313965, -0.2815982821531387, -0.28159828215313865, -0.28159828215313804, -0.28159828215313804, -0.28159828215313804, -0.28159828215313715, -0.28159828215313715, -0.28159828215313715, -0.28159828215313715, -0.28159828215313715, -0.28159828215313715, -0.28159828215313715, -0.28159828215313715, -0.28159828215313715, -0.28159828215313715, -0.28159828215313715, -0.28159828215313715, -0.281598282153137, -0.281598282153137, -0.281598282153137, -0.281598282153137, -0.281598282153137, -0.281598282153137, -0.281598282153137, -0.281598282153137, -0.281598282153137, -0.281598282153137, -0.281598282153137, -0.281598282153137, -0.281598282153137, -0.281598282153137, -0.281598282153137, -0.281598282153137, -0.281598282153137, -0.281598282153137, -0.281598282153137, -0.281598282153137, -0.281598282153137, -0.281598282153137, -0.281598282153137, -0.281598282153137, -0.281598282153137, -0.281598282153137, -0.281598282153137, -0.281598282153137, -0.281598282153137, -0.281598282153137, -0.281598282153137, -0.281598282153137, -0.281598282153137, -0.281598282153137, -0.281598282153137, -0.281598282153137, -0.281598282153137, -0.281598282153137, -0.281598282153137, -0.281598282153137, -0.281598282153137, -0.281598282153137, -0.281598282153137, -0.281598282153137, -0.281598282153137, -0.281598282153137, -0.281598282153137, -0.281598282153137, -0.281598282153137, -0.281598282153137, -0.281598282153137, -0.281598282153137, -0.281598282153137, -0.281598282153137, -0.281598282153137, -0.281598282153137, -0.281598282153137, -0.281598282153137, -0.281598282153137, -0.281598282153137, -0.281598282153137, -0.281598282153137, -0.281598282153137, -0.281598282153137, -0.281598282153137, -0.281598282153137, -0.281598282153137, -0.281598282153137, -0.281598282153137, -0.281598282153137, -0.281598282153137, -0.281598282153137, -0.281598282153137, -0.281598282153137, -0.281598282153137, -0.281598282153137, -0.281598282153137, -0.281598282153137, -0.281598282153137, -0.281598282153137, -0.281598282153137, -0.281598282153137, -0.281598282153137, -0.281598282153137, -0.281598282153137, -0.281598282153137, -0.281598282153137, -0.281598282153137, -0.281598282153137, -0.281598282153137, -0.281598282153137, -0.281598282153137, -0.281598282153137, -0.281598282153137, -0.281598282153137, -0.28159828215313687, -0.28159828215313687, -0.28159828215313687, -0.28159828215313687, -0.28159828215313687, -0.28159828215313687, -0.28159828215313687, -0.28159828215313687, -0.28159828215313687, -0.28159828215313687, -0.28159828215313687, -0.28159828215313687, -0.28159828215313687, -0.28159828215313687, -0.28159828215313687, -0.28159828215313687, -0.28159828215313687, -0.28159828215313687, -0.28159828215313687, -0.28159828215313687, -0.28159828215313687, -0.28159828215313687, -0.28159828215313687, -0.28159828215313687, -0.28159828215313687, -0.28159828215313687, -0.28159828215313687, -0.28159828215313687, -0.28159828215313687, -0.28159828215313687, -0.28159828215313687, -0.28159828215313687, -0.28159828215313687, -0.28159828215313687, -0.28159828215313687, -0.28159828215313687, -0.28159828215313687, -0.28159828215313687, -0.28159828215313687, -0.28159828215313687, -0.28159828215313687, -0.28159828215313687, -0.28159828215313687, -0.28159828215313687, -0.28159828215313687, -0.28159828215313687, -0.28159828215313687, -0.28159828215313687, -0.28159828215313687, -0.28159828215313687, -0.28159828215313687, -0.28159828215313687, -0.28159828215313687, -0.28159828215313687, -0.28159828215313687, -0.28159828215313687, -0.28159828215313687, -0.28159828215313687, -0.28159828215313687, -0.28159828215313687, -0.28159828215313687, -0.28159828215313687, -0.28159828215313687, -0.28159828215313687], "rng_state": {"bit_generator": "PCG64", "state": {"state": 268394998789429007081682398846760475041, "inc": 88206369687165094854564068257421439599}, "has_uint32": 0, "uinteger": 2240177156}, "saved_at": "2026-02-24T17:18:32.904622+00:00", "dna_genes": ["min_edge", "min_confidence", "sharp_weight", "momentum_weight", "rest_weight", "kelly_fraction", "max_stake", "home_bias", "away_bias", "h2h_weight", "draw_threshold", "volatility_buffer", "bayes_trust_factor"], "population_shape": [500, 13]}