{"generation": 95, "fitness_history": [-0.0582942316877515, -0.056063851492925865, -0.04140883776131949, -0.02772177633196307, -0.024158309149538187, -0.020085205466006832, -0.017357619959151662, -0.015536310850682016, -0.013547960393057286, -0.010631448241676262, -0.010631448241676262, -0.010194527800589354, -0.009062418900603855, -0.008598665160933085, -0.008336521754306008, -0.008193431961951006, -0.007967005427816953, -0.007881728115602478, -0.007814381441468926, -0.007804827039170896, -0.007533822059796559, -0.007411720159412183, -0.007327262703721388, -0.007267561522998983, -0.0072322017763702725, -0.007211804682648265, -0.007202156503102301, -0.007192413848727451, -0.007179864451394078, -0.007173671337514179, -0.007172232538917142, -0.007172190427135548, -0.007170467606857862, -0.007170467606857862, -0.007170467606857862, -0.007170467606857862, -0.007170441266095159, -0.007170441266095159, -0.007169151466138064, -0.007169151466138064, -0.007169151466138064, -0.007169151466138064, -0.007169151466138064, -0.007169151466138064, -0.007169151466138064, -0.007169151466138064, -0.007169151466138064, -0.007169151466138064, -0.007169151466138064, -0.007169151466138064, -0.007169151466138064, -0.007169151466138064, -0.007169151466138064, -0.007169151466138064, -0.007169151466138064, -0.007169151466138064, -0.007169151466138064, -0.007169151466138064, -0.007169151466138064, -0.007169151466138064, -0.007169151466138064, -0.007169151466138064, -0.007169151466138064, -0.007169151466138064, -0.007169118816137129, -0.007169118816137129, -0.007168997673827166, -0.007168972640084757, -0.007168972640084757, -0.007168972640084757, -0.007168972640084757, -0.007168972640084757, -0.007168972640084757, -0.007168972640084757, -0.007168972640084757, -0.007168972640084757, -0.007168972640084757, -0.007168972640084757, -0.007168972640084757, -0.007168972640084757, -0.007168972640084757, -0.007168972640084757, -0.007168972640084757, -0.007168972640084757, -0.007168972640084757, -0.007168972640084757, -0.007168972640084757, -0.007168972640084757, -0.007168972640084757, -0.007168972640084757, -0.007168972640084757, -0.007168972640084757, -0.007168972640084757, -0.007168972640084757, -0.007168972640084757, -0.007168972640084757], "rng_state": {"bit_generator": "PCG64", "state": {"state": 59172316962134818534535949896455483282, "inc": 110613725210073610656388938790337288503}, "has_uint32": 0, "uinteger": 487032182}, "saved_at": "2026-02-24T18:06:52.683946+00:00", "dna_genes": ["min_edge", "min_confidence", "sharp_weight", "momentum_weight", "rest_weight", "kelly_fraction", "max_stake", "home_bias", "away_bias", "h2h_weight", "draw_threshold", "volatility_buffer", "bayes_trust_factor"], "population_shape": [500, 13]}