{"generation": 295, "fitness_history": [0.04799786040557508, 0.06449575979058685, 0.06449575979058685, 0.06584537489640871, 0.0712939321221066, 0.0722394977449333, 0.07510978958330058, 0.07571111963691637, 0.0757502685924947, 0.07594167528207085, 0.07595878096841693, 0.0761842485425248, 0.0761842485425248, 0.07630336902649731, 0.07630336902649731, 0.07630569030913029, 0.07631621357996839, 0.07631768074246233, 0.07631768074246266, 0.07631768074246266, 0.07631768074246272, 0.076317680742463, 0.076317680742463, 0.076317680742463, 0.07631768074246309, 0.07631772658042879, 0.07631772658042879, 0.07631772658042879, 0.07631772658042887, 0.07631772658042887, 0.07631801871742142, 0.07631801871742142, 0.07631801871742142, 0.07631801871742142, 0.07631801871742142, 0.07631801871742148, 0.07631801871742148, 0.07631801871742154, 0.07631801871742154, 0.07631801871742154, 0.07631801871742154, 0.07631801871742194, 0.07631801871742194, 0.07631801871742194, 0.07631801871742194, 0.07631801871742194, 0.07631801871742194, 0.07631801871742194, 0.07631801871742194, 0.07631801871742194, 0.07631801871742194, 0.07631801871742194, 0.07631801871742194, 0.07631801871742194, 0.07631801871742194, 0.07631801871742194, 0.07631801871742194, 0.07631801871742194, 0.07631801871742194, 0.07631801871742194, 0.07631801871742194, 0.07631801871742194, 0.07631801871742194, 0.07631801871742194, 0.07631801871742194, 0.07631801871742194, 0.07631801871742194, 0.07631801871742194, 0.07631801871742194, 0.07631801871742194, 0.07631801871742194, 0.07631801871742194, 0.07631801871742194, 0.07631801871742194, 0.07631801871742194, 0.07631804963463602, 0.07631804963463602, 0.07631804963463602, 0.07631804963463602, 0.07631804963463604, 0.0763180496346362, 0.0763180496346362, 0.0763180496346362, 0.0763180496346362, 0.07631804963463626, 0.07631804963463626, 0.07631804963463626, 0.07631804963463626, 0.07631804963463626, 0.07631804963463638, 0.07631804963463638, 0.07631804963463638, 0.07631804963463638, 0.07631804963463641, 0.07631804963463641, 0.07631804963463641, 0.07631804963463641, 0.07631804963463641, 0.07631804963463641, 0.07631804963463641, 0.07631804963463641, 0.07631804963463641, 0.07631804963463641, 0.07631804963463641, 0.07631804963463641, 0.07631804963463641, 0.07631804963463641, 0.07631804963463641, 0.07631804963463641, 0.07631804963463641, 0.07631804963463641, 0.07631804963463641, 0.07631804963463641, 0.07631804963463641, 0.07631804963463641, 0.07631804963463641, 0.07631804963463641, 0.07631804963463641, 0.07631804963463641, 0.07631804963463641, 0.07631804963463641, 0.07631804963463641, 0.07631804963463641, 0.07631804963463641, 0.07631804963463641, 0.07631804963463641, 0.07631804963463641, 0.07631804963463641, 0.07631804963463641, 0.07631804963463641, 0.07631804963463641, 0.07631804963463641, 0.07631804963463641, 0.07631804963463641, 0.07631804963463641, 0.07631804963463641, 0.07631804963463641, 0.07631804963463641, 0.07631804963463641, 0.07631804963463641, 0.07631804963463641, 0.07631804963463641, 0.07631804963463641, 0.07631804963463641, 0.07631804963463641, 0.07631804963463641, 0.07631804963463641, 0.07631804963463641, 0.07631804963463641, 0.07631804963463641, 0.07631804963463641, 0.07631804963463641, 0.07631804963463641, 0.07631804963463641, 0.07631804963463641, 0.07631804963463641, 0.07631804963463641, 0.07631804963463641, 0.07631804963463641, 0.07631804963463641, 0.07631804963463641, 0.07631804963463641, 0.07631804963463641, 0.07631804963463641, 0.07631804963463641, 0.07631804963463641, 0.07631804963463641, 0.07631804963463641, 0.07631804963463641, 0.07631804963463643, 0.07631804963463643, 0.07631804963463643, 0.07631804963463643, 0.07631804963463643, 0.07631804963463643, 0.07631804963463643, 0.07631804963463643, 0.07631804963463643, 0.07631804963463643, 0.07631804963463643, 0.07631804963463643, 0.07631804963463643, 0.07631804963463643, 0.07631804963463643, 0.07631804963463643, 0.07631804963463643, 0.07631804963463643, 0.07631804963463643, 0.07631804963463643, 0.07631804963463643, 0.07631804963463643, 0.07631804963463643, 0.07631804963463643, 0.07631804963463643, 0.07631804963463643, 0.07631804963463643, 0.07631804963463643, 0.07631804963463643, 0.07631804963463643, 0.07631804963463643, 0.07631804963463643, 0.07631804963463643, 0.07631804963463643, 0.07631804963463643, 0.07631804963463643, 0.07631804963463643, 0.07631804963463643, 0.07631804963463643, 0.07631804963463643, 0.07631804963463643, 0.07631804963463643, 0.07631804963463643, 0.07631804963463643, 0.07631804963463643, 0.07631804963463643, 0.07631804963463643, 0.07631804963463643, 0.07631804963463643, 0.07631804963463643, 0.07631804963463643, 0.07631804963463643, 0.07631804963463643, 0.07631804963463643, 0.07631804963463643, 0.07631804963463643, 0.07631804963463643, 0.07631804963463643, 0.07631804963463643, 0.07631804963463643, 0.07631805067163461, 0.07631805067163502, 0.07631805067163504, 0.07631805067163504, 0.0763180506716352, 0.0763180506716353, 0.0763180506716353, 0.07631805067163541, 0.07631805067163541, 0.07631805067163541, 0.07631805067163541, 0.07631805067163541, 0.07631805067163541, 0.07631805067163541, 0.07631805067163541, 0.07631805067163541, 0.07631805067163541, 0.07631805067163541, 0.07631805067163544, 0.07631805067163544, 0.07631805067163547, 0.07631805067163547, 0.07631805067163547, 0.07631805067163548, 0.07631805067163548, 0.07631805067163548, 0.07631805067163548, 0.07631805067163548, 0.07631805067163555, 0.07631805067163555, 0.07631805067163555, 0.07631805067163566, 0.07631805067163566, 0.07631805067163566, 0.07631805067163566, 0.07631805067163566, 0.07631805067163566, 0.07631805067163566, 0.07631805067163566, 0.07631805067163566, 0.07631805067163566, 0.07631805067163566, 0.07631805067163566, 0.07631805067163566, 0.07631805067163566, 0.07631805067163566, 0.07631805067163566, 0.07631805067163566, 0.07631805067163566, 0.07631805067163566, 0.07631805067163566, 0.07631805067163566, 0.07631805067163566, 0.07631805067163566, 0.07631805067163566, 0.07631805067163566, 0.07631805067163566, 0.07631805067163566, 0.07631805067163566, 0.07631805067163566, 0.07631805067163566, 0.07631805067163566, 0.07631805067163566, 0.07631805067163566, 0.07631805067163566, 0.07631805067163566, 0.07631805067163566], "rng_state": {"bit_generator": "PCG64", "state": {"state": 289473930474281543216957465757985427266, "inc": 139471183662403956995646033095452246025}, "has_uint32": 0, "uinteger": 4085227425}, "saved_at": "2026-02-24T13:10:59.611320+00:00", "dna_genes": ["min_edge", "min_confidence", "sharp_weight", "momentum_weight", "rest_weight", "kelly_fraction", "max_stake", "home_bias", "away_bias", "h2h_weight", "draw_threshold", "volatility_buffer", "bayes_trust_factor"], "population_shape": [4000, 13]}