{"generation": 95, "fitness_history": [-0.0059582142031266855, -0.0059582142031266855, 0.014049952541466806, 0.027017351577310778, 0.027017351577310778, 0.027017351577310778, 0.028249006292591264, 0.029899731564321533, 0.03137982590371541, 0.03182557280685375, 0.03252902159030967, 0.03264152116937254, 0.03334946454535097, 0.03377140685300341, 0.03384200487799244, 0.034089406551780166, 0.03422268730528112, 0.034261051286964925, 0.03431937667704238, 0.03441397347153598, 0.034441322071125435, 0.03447131109719395, 0.034471311097194104, 0.034474577365331466, 0.03447457736533152, 0.03447457736533173, 0.03447457736533173, 0.03447457736533173, 0.03447457736533183, 0.0344746500290148, 0.0344746500290148, 0.03447465880928455, 0.03447465880928503, 0.034474658809285144, 0.034474658809285144, 0.034474658809285144, 0.03447465880928517, 0.03447465880928517, 0.03447465880928527, 0.03447465880928527, 0.03447465880928527, 0.03447465880928527, 0.03447465880928535, 0.03447465880928535, 0.03447465880928535, 0.03447465880928535, 0.03447465880928535, 0.03447465880928535, 0.03447465880928535, 0.03447465880928535, 0.03447465880928549, 0.03447465880928549, 0.03447465880928549, 0.03447465880928549, 0.03447465880928549, 0.03447465880928549, 0.03447465880928549, 0.03447465880928549, 0.03447465880928549, 0.03447465880928549, 0.03447465880928549, 0.03447465880928549, 0.03447465880928549, 0.03447465880928549, 0.03447465880928549, 0.03447465880928549, 0.03447465880928549, 0.03447465880928549, 0.03447465880928549, 0.03447465880928549, 0.03447465880928549, 0.03447465880928549, 0.03447465880928549, 0.03447465880928549, 0.03447465880928549, 0.03447465880928549, 0.03447465880928549, 0.03447465880928549, 0.03447465880928549, 0.03447465880928549, 0.03447465880928549, 0.03447465880928549, 0.034474658809285505, 0.034474658809285505, 0.034474658809285505, 0.034474658809285505, 0.034474658809285505, 0.034474658809285505, 0.034474658809285505, 0.034474658809285505, 0.034474658809285505, 0.034474658809285505, 0.034474658809285505, 0.034474658809285505, 0.034474658809285505, 0.034474658809285505], "rng_state": {"bit_generator": "PCG64", "state": {"state": 59172316962134818534535949896455483282, "inc": 110613725210073610656388938790337288503}, "has_uint32": 0, "uinteger": 487032182}, "saved_at": "2026-02-24T18:13:19.379545+00:00", "dna_genes": ["min_edge", "min_confidence", "sharp_weight", "momentum_weight", "rest_weight", "kelly_fraction", "max_stake", "home_bias", "away_bias", "h2h_weight", "draw_threshold", "volatility_buffer", "bayes_trust_factor"], "population_shape": [500, 13]}