{"generation": 285, "fitness_history": [-0.43895527752829483, -0.3648375007447191, -0.3630254250885854, -0.33166407508862006, -0.32841697017803095, -0.3105384573174696, -0.30103058593163756, -0.2868683738514286, -0.2868683738514286, -0.28576299532689564, -0.2856722278055145, -0.28514952777845604, -0.2849945307054925, -0.2847568106239377, -0.2847568106239377, -0.2844663753459889, -0.2844495800830141, -0.284449580083011, -0.2844495800830102, -0.2844495800830102, -0.2844495800830008, -0.2844495800830008, -0.2844495800830008, -0.2844495800830008, -0.2844495800830008, -0.2844495800830008, -0.2844495800830008, -0.2844495800830008, -0.2844495800830008, -0.2844495800830008, -0.2844495800830008, -0.2844495800830008, -0.2844495800830008, -0.2844495800830008, -0.2844495800830008, -0.2844495800830008, -0.2844495800830008, -0.2844495800830008, -0.2844495800830008, -0.2844495800830008, -0.2844495800830008, -0.2844495800830008, -0.2844495800830008, -0.2844495800830008, -0.2844495800830008, -0.2844495800830008, -0.2844495800830008, -0.2844495800830008, -0.2844495800830008, -0.2844495800830008, -0.2844495800830008, -0.2844495800830008, -0.2844495800830008, -0.2844495800830008, -0.2844495800830008, -0.2844495800830008, -0.2844495800830008, -0.2844495800830008, -0.2844495800830008, -0.2844495800830008, -0.2844495800830008, -0.2844495800830008, -0.2844495800830008, -0.2844495800830008, -0.2844495800830008, -0.2844495800830008, -0.2844495800830008, -0.2844495800830008, -0.2844495800830008, -0.2844495800830008, -0.2844495800830008, -0.2844495800830008, -0.2844495800830008, -0.2844495800830008, -0.2844495800830008, -0.2844495800830008, -0.2844495800830008, -0.2844495800830008, -0.2844495800830008, -0.2844495800830008, -0.2844495800830008, -0.2844495800830008, -0.2844495800830008, -0.2844495800830008, -0.2844495800830008, -0.2844495800830008, -0.2844495800830008, -0.2844495800830008, -0.2844495800830008, -0.2844495800830008, -0.2844495800830008, -0.2844495800830008, -0.2844495800830008, -0.2844495800830008, -0.2844495800830008, -0.2844495800830008, -0.2844495800830008, -0.2844495800830008, -0.2844495800830008, -0.2844495800830008, -0.2844495800830008, -0.2844495800830008, -0.2844495800830008, -0.2844495800830008, -0.2844495800830008, -0.2844495800830008, -0.2844495800830008, -0.2844495800830008, -0.2844495800830008, -0.2844495800830008, -0.2844495800830008, -0.2844495800830008, -0.2844495800830008, -0.2844495800830008, -0.2844495800830008, -0.2844495800830008, -0.2844495800830008, -0.2844495800830008, -0.2844495800830008, -0.2844495800830008, -0.2844495800830008, -0.2844495800830008, -0.2844495800830008, -0.2844495800830008, -0.2844495800830008, -0.2844495800830008, -0.2844495800830008, -0.2844495800830008, -0.2844495800830008, -0.2844495800830008, -0.2844495800830008, -0.2844495800830008, -0.2844495800830008, -0.2844495800830008, -0.2844495800830008, -0.2844495800830008, -0.2844495800830008, -0.2844495800830008, -0.2844495800830008, -0.2844495800830008, -0.2844495800830008, -0.2844495800830008, -0.2844495800830008, -0.2844495800830008, -0.2844495800830008, -0.2844495800830008, -0.2844495800830008, -0.2844495800830008, -0.2844495800830008, -0.2844495800830008, -0.2844495800830008, -0.2844495800830008, -0.2844495800830008, -0.2844495800830008, -0.2844495800830008, -0.2844495800830008, -0.2844495800830008, -0.2844495800830008, -0.2844495800830008, -0.2844495800830008, -0.2844495800830008, -0.2844495800830008, -0.2844495800830008, -0.2844495800830008, -0.2844495800830008, -0.2844495800830008, -0.2844495800830008, -0.2844495800830008, -0.2844495800830008, -0.2844495800830008, -0.2844495800830008, -0.2844495800830008, -0.2844495800830008, -0.2844495800830008, -0.2844495800830008, -0.2844495800830008, -0.2844495800830008, -0.2844495800830008, -0.2844495800830008, -0.2844495800830008, -0.2844495800830008, -0.2844495800830008, -0.2844495800830008, -0.2844495800830008, -0.2844495800830008, -0.2844495800830008, -0.2844495800830008, -0.2844495800830008, -0.2844495800830008, -0.2844495800830008, -0.2844495800830008, -0.2844495800830008, -0.2844495800830008, -0.2844495800830008, -0.2844495800830008, -0.2844495800830008, -0.2844495800830008, -0.2844495800830008, -0.2844495800830008, -0.2844495800830008, -0.2844495800830008, -0.2844495800830008, -0.2844495800830008, -0.2844495800830008, -0.2844495800830008, -0.2844495800830008, -0.2844495800830008, -0.2844495800830008, -0.2844495800830008, -0.2844495800830008, -0.2844495800830008, -0.2844495800830008, -0.2844495800830008, -0.2844495800830008, -0.2844495800830008, -0.2844495800830008, -0.2844495800830008, -0.28444958008300036, -0.28444958008300036, -0.28444958008300036, -0.28444958008300036, -0.28444958008300036, -0.28444958008300036, -0.28444958008300036, -0.28444958008300036, -0.28444958008300036, -0.28444958008300036, -0.28444958008300036, -0.28444958008300036, -0.28444958008300036, -0.28444958008300036, -0.28444958008300036, -0.28444958008300036, -0.28444958008300036, -0.28444958008300036, -0.28444958008300036, -0.28444958008300036, -0.28444958008300036, -0.28444958008300036, -0.28444958008300036, -0.28444958008300036, -0.28444958008300036, -0.28444958008300036, -0.28444958008300036, -0.28444958008300036, -0.28444958008300036, -0.28444958008300036, -0.28444958008300036, -0.28444958008300036, -0.28444958008300036, -0.28444958008300036, -0.28444958008300036, -0.28444958008300036, -0.28444958008300036, -0.28444958008300036, -0.28444958008300036, -0.28444958008300036, -0.28444958008300036, -0.28444958008300036, -0.28444958008300036, -0.28444958008300036, -0.28444958008300036, -0.28444958008300036, -0.28444958008300036, -0.28444958008300036, -0.28444958008300036, -0.28444958008300036, -0.28444958008300036, -0.28444958008300036, -0.28444958008300036, -0.28444958008300036, -0.28444958008300036, -0.28444958008300036, -0.28444958008300036, -0.28444958008300036, -0.28444958008300036, -0.28444958008300036, -0.28444958008300036, -0.28444958008300036, -0.28444958008300036, -0.28444958008300036, -0.28444958008300036, -0.28444958008300036, -0.28444958008300036, -0.28444958008300036, -0.28444958008300036], "rng_state": {"bit_generator": "PCG64", "state": {"state": 173466091320996935479483944420630118704, "inc": 115057570513559122941470311971156159083}, "has_uint32": 0, "uinteger": 295937816}, "saved_at": "2026-02-24T15:06:31.996349+00:00", "dna_genes": ["min_edge", "min_confidence", "sharp_weight", "momentum_weight", "rest_weight", "kelly_fraction", "max_stake", "home_bias", "away_bias", "h2h_weight", "draw_threshold", "volatility_buffer", "bayes_trust_factor"], "population_shape": [3000, 13]}