{"generation": 295, "fitness_history": [-0.21301968642629682, -0.19403408092366597, -0.18040274002493464, -0.1597962317858027, -0.1597962317858027, -0.15715029336658837, -0.15474833022929058, -0.15388087982497212, -0.15230940636991286, -0.15112398174324532, -0.15101203105218208, -0.15063017298465925, -0.15031109141614166, -0.1501880317048483, -0.15014117413936443, -0.15011545177875132, -0.15009043804639324, -0.15008913923213515, -0.15008913923213515, -0.15008913923213515, -0.15008886491743362, -0.15008886491743362, -0.15008877673945034, -0.15008877673945034, -0.15008877673945034, -0.1500887683951309, -0.1500887683951309, -0.1500887353124165, -0.1500887353124165, -0.1500887353124165, -0.1500887353124165, -0.1500887353124165, -0.1500887353124165, -0.1500887353124165, -0.1500887353124165, -0.1500887353124165, -0.1500887353124165, -0.1500887353124165, -0.1500887353124165, -0.1500887353124165, -0.1500887353124165, -0.1500887353124165, -0.1500887353124165, -0.1500887353124165, -0.1500887353124165, -0.1500887353124165, -0.1500887353124165, -0.1500887353124165, -0.1500887353124165, -0.1500887353124165, -0.1500887353124165, -0.1500887353124165, -0.1500887353124165, -0.1500887353124165, -0.1500887353124165, -0.1500887353124165, -0.1500887353124165, -0.1500887353124165, -0.1500887353124165, -0.1500887353124165, -0.1500887353124165, -0.1500887353124165, -0.1500887353124165, -0.1500887353124165, -0.1500887353124165, -0.1500887353124165, -0.1500887353124165, -0.1500887353124165, -0.1500887353124165, -0.1500887353124165, -0.1500887353124165, -0.1500887353124165, -0.1500887353124165, -0.1500887353124165, -0.1500887353124165, -0.1500887353124165, -0.1500887353124165, -0.1500887353124165, -0.1500887353124165, -0.1500887353124165, -0.15008873487524438, -0.15008873487524438, -0.15008873487524438, -0.15008873487524438, -0.15008873487524438, -0.15008873487524438, -0.15008873487524438, -0.15008873487524438, -0.15008873487524438, -0.15008873487524438, -0.15008873487524438, -0.15008873487524438, -0.15008873487524438, -0.15008873487524438, -0.15008873487524438, -0.15008873487524438, -0.15008873487524438, -0.15008873487524438, -0.15008873487524438, -0.15008873487524438, -0.15008873487524438, -0.15008873487524438, -0.15008873487524438, -0.15008873487524438, -0.15008873487524438, -0.15008873487524438, -0.15008873487524438, -0.15008873487524438, -0.15008873487524438, -0.15008873487524438, -0.15008873487524438, -0.15008873487524438, -0.15008873487524438, -0.15008873487524438, -0.15008873487524438, -0.15008873487524438, -0.15008873487524438, -0.15008873487524438, -0.15008873487524438, -0.15008873487524438, -0.15008873487524438, -0.15008873487524438, -0.15008873487524438, -0.15008873487524438, -0.15008873487524438, -0.15008873487524438, -0.15008873487524438, -0.15008873487524438, -0.15008873487524438, -0.15008873487524438, -0.15008873487524438, -0.15008873487524438, -0.15008873487524438, -0.15008873487524438, -0.15008873487524438, -0.15008873487524438, -0.15008873487524438, -0.15008873487524438, -0.15008873487524438, -0.15008873487524438, -0.15008873487524438, -0.15008873487524438, -0.15008873487524438, -0.15008873487524438, -0.15008873487524438, -0.15008873487524438, -0.15008873487524438, -0.15008873487524438, -0.15008873487524438, -0.15008873487524438, -0.15008873487524438, -0.15008873487524438, -0.15008873487524438, -0.15008873487524438, -0.15008873487524438, -0.15008873487524438, -0.15008873487524438, -0.15008873487524438, -0.15008873487524438, -0.15008873487524438, -0.15008873487524438, -0.15008873487524438, -0.15008873487524438, -0.15008873487524438, -0.15008873487524438, -0.15008873487524438, -0.15008873487524438, -0.15008873487524438, -0.15008873487524438, -0.15008873487524438, -0.15008873487524438, -0.15008873487524438, -0.15008873487524438, -0.15008873487524438, -0.15008873487524438, -0.15008873487524438, -0.15008873487524438, -0.15008873487524438, -0.15008873487524438, -0.15008873487524438, -0.15008873487524438, -0.15008873487524438, -0.15008873487524438, -0.15008873487524438, -0.15008873487524438, -0.15008873487524438, -0.15008873487524438, -0.15008873487524438, -0.15008873487524438, -0.15008873487524438, -0.15008873487524438, -0.15008873487524438, -0.15008873487524438, -0.15008873487524438, -0.15008873487524438, -0.15008873487524438, -0.15008873487524438, -0.15008873487524438, -0.15008873487524438, -0.15008873487524438, -0.15008873487524438, -0.15008873487524438, -0.15008873487524438, -0.15008873487524438, -0.15008873487524438, -0.15008873487524438, -0.15008873487524438, -0.15008873487524438, -0.15008873487524438, -0.15008873487524438, -0.15008873487524438, -0.15008873487524438, -0.15008873487524438, -0.15008873487524438, -0.15008873487524438, -0.15008873487524438, -0.15008873487524438, -0.15008873487524438, -0.15008873487524438, -0.15008873487524438, -0.15008873487524438, -0.15008873487524438, -0.15008873487524438, -0.15008873487524438, -0.15008873487524438, -0.15008873487524438, -0.15008873487524438, -0.15008873487524438, -0.15008873487524438, -0.15008873487524438, -0.15008873487524438, -0.15008873487524438, -0.15008873487524438, -0.15008873487524438, -0.15008873487524438, -0.15008873487524438, -0.15008873487524438, -0.15008873487524438, -0.15008873487524438, -0.15008873487524438, -0.15008873487524438, -0.15008873487524438, -0.15008873487524438, -0.15008873487524438, -0.15008873487524438, -0.15008873487524438, -0.15008873487524438, -0.15008873487524438, -0.15008873487524438, -0.15008873487524438, -0.15008873487524438, -0.15008873487524438, -0.15008873487524438, -0.15008873487524438, -0.15008873487524438, -0.15008873487524438, -0.15008873440450549, -0.15008873440450549, -0.15008873440450549, -0.15008873440450549, -0.15008873440450549, -0.15008873440450549, -0.15008873440450549, -0.15008873440450549, -0.15008873440450549, -0.15008873440450549, -0.15008873440450549, -0.15008873440450549, -0.15008873440450549, -0.15008873440450549, -0.15008873440450549, -0.15008873440450549, -0.15008873440450549, -0.15008873440450549, -0.15008873440450549, -0.15008873440450549, -0.15008873440450549, -0.15008873440450549, -0.15008873440450549, -0.15008873440450549, -0.15008873440450549, -0.15008873440450549, -0.15008873440450549, -0.15008873440450549, -0.15008873440450549, -0.15008873440450549, -0.15008873440450549, -0.15008873440450549, -0.15008873440450549, -0.15008873440450549, -0.15008873440450549, -0.15008873440450549, -0.15008873440450549, -0.15008873440450549, -0.15008873440450549, -0.15008873440450549], "rng_state": {"bit_generator": "PCG64", "state": {"state": 151050109403830440228260784031466638828, "inc": 334463574319337661548949806490321993065}, "has_uint32": 0, "uinteger": 1454661405}, "saved_at": "2026-02-24T13:11:31.230541+00:00", "dna_genes": ["min_edge", "min_confidence", "sharp_weight", "momentum_weight", "rest_weight", "kelly_fraction", "max_stake", "home_bias", "away_bias", "h2h_weight", "draw_threshold", "volatility_buffer", "bayes_trust_factor"], "population_shape": [4000, 13]}