{"generation": 395, "fitness_history": [0.07327437567775752, 0.07465290866440374, 0.09274815127155096, 0.10279932453348414, 0.11305386507433286, 0.11542947753356025, 0.12157614163086773, 0.1242072239625373, 0.12613263398159613, 0.12710011590969242, 0.127938929546124, 0.12794302912242472, 0.128519285473557, 0.1286159852294228, 0.12861598522942286, 0.12861598522942286, 0.12861598522942289, 0.12861598522942302, 0.12861598522942316, 0.12861598522942316, 0.12861598522942316, 0.12861598522942316, 0.12861598522942327, 0.12861598522942327, 0.1286159852294233, 0.1286159852294233, 0.1286159852294234, 0.1286159852294234, 0.1286159852294234, 0.1286159852294234, 0.1286159852294234, 0.1286159852294234, 0.1286159852294234, 0.1286159852294234, 0.1286159852294234, 0.12861598522942344, 0.12861598522942344, 0.12861598522942344, 0.12861598522942344, 0.12861598522942344, 0.12861598522942344, 0.12861598522942344, 0.12861598522942344, 0.12861598522942344, 0.12861598522942344, 0.12861598522942344, 0.12861598522942344, 0.12861598522942344, 0.12861598522942344, 0.12861598522942344, 0.12861598522942344, 0.12861598522942347, 0.12861598522942347, 0.12861598522942347, 0.12861598522942347, 0.12861598522942347, 0.12861598522942347, 0.12861598522942347, 0.12861598522942347, 0.12861598522942347, 0.12861598522942347, 0.12861598522942347, 0.12861598522942347, 0.12861598522942347, 0.12861598522942347, 0.12861598522942347, 0.12861598522942347, 0.12861598522942347, 0.12861598522942347, 0.12861598522942347, 0.12861598522942347, 0.12861598522942347, 0.12861598522942347, 0.12861598522942347, 0.12861598522942347, 0.12861598522942347, 0.12861598522942347, 0.12861598522942347, 0.12861598522942347, 0.12861598522942347, 0.12861598522942347, 0.12861598522942347, 0.12861598522942347, 0.12861598522942347, 0.12861598522942347, 0.12861598522942347, 0.12861598522942347, 0.12861598522942347, 0.12861598522942347, 0.12861598522942347, 0.12861598522942347, 0.12861598522942347, 0.12861598522942347, 0.12861598522942347, 0.12861598522942347, 0.12861598522942347, 0.12861598522942347, 0.12861598522942347, 0.12861598522942347, 0.12861598522942347, 0.12861598522942347, 0.12861598522942347, 0.12861598522942347, 0.12861598522942347, 0.12861598522942347, 0.12861598522942347, 0.12861598522942347, 0.12861598522942347, 0.12861598522942347, 0.12861598522942347, 0.12861598522942347, 0.12861598522942347, 0.12861598522942347, 0.12861598522942347, 0.12861598522942347, 0.12861598522942347, 0.12861598522942347, 0.12861598522942347, 0.12861598522942347, 0.12861598522942347, 0.12861598522942347, 0.12861598522942347, 0.12861598522942347, 0.12861598522942347, 0.12861598522942347, 0.12861598522942347, 0.12861598522942347, 0.12861598522942347, 0.12861598522942347, 0.12861598522942347, 0.12861598522942347, 0.12861598522942347, 0.12861598522942347, 0.12861598522942347, 0.12861598522942347, 0.12861598522942347, 0.12861598522942347, 0.12861598522942347, 0.12861598522942347, 0.12861598522942347, 0.12861598522942347, 0.12861598522942347, 0.1286159852294235, 0.1286159852294235, 0.1286159852294235, 0.1286159852294235, 0.1286159852294235, 0.1286159852294235, 0.1286159852294235, 0.1286159852294235, 0.1286159852294235, 0.1286159852294235, 0.1286159852294235, 0.1286159852294235, 0.1286159852294235, 0.1286159852294235, 0.1286159852294235, 0.1286159852294235, 0.1286159852294235, 0.1286159852294235, 0.1286159852294235, 0.1286159852294235, 0.1286159852294235, 0.1286159852294235, 0.1286159852294235, 0.1286159852294235, 0.1286159852294235, 0.1286159852294235, 0.1286159852294235, 0.1286159852294235, 0.1286159852294235, 0.1286159852294235, 0.1286159852294235, 0.1286159852294235, 0.1286159852294235, 0.1286159852294235, 0.1286159852294235, 0.1286159852294235, 0.1286159852294235, 0.1286159852294235, 0.1286159852294235, 0.1286159852294235, 0.1286159852294235, 0.1286159852294235, 0.1286159852294235, 0.1286159852294235, 0.1286159852294235, 0.1286159852294235, 0.1286159852294235, 0.1286159852294235, 0.1286159852294235, 0.1286159852294235, 0.1286159852294235, 0.1286159852294235, 0.1286159852294235, 0.1286159852294235, 0.1286159852294235, 0.1286159852294235, 0.1286159852294235, 0.1286159852294235, 0.1286159852294235, 0.1286159852294235, 0.1286159852294235, 0.1286159852294235, 0.1286159852294235, 0.1286159852294235, 0.1286159852294235, 0.1286159852294235, 0.1286159852294235, 0.1286159852294235, 0.1286159852294235, 0.1286159852294235, 0.1286159852294235, 0.1286159852294235, 0.1286159852294235, 0.1286159852294235, 0.1286159852294235, 0.1286159852294235, 0.1286159852294235, 0.1286159852294235, 0.1286159852294235, 0.1286159852294235, 0.1286159852294235, 0.1286159852294235, 0.1286159852294235, 0.1286159852294235, 0.1286159852294235, 0.1286159852294235, 0.1286159852294235, 0.1286159852294235, 0.1286159852294235, 0.1286159852294235, 0.1286159852294235, 0.1286159852294235, 0.1286159852294235, 0.1286159852294235, 0.1286159852294235, 0.1286159852294235, 0.1286159852294235, 0.1286159852294235, 0.1286159852294235, 0.1286159852294235, 0.1286159852294235, 0.1286159852294235, 0.1286159852294235, 0.1286159852294235, 0.1286159852294235, 0.1286159852294235, 0.1286159852294235, 0.1286159852294235, 0.1286159852294235, 0.1286159852294235, 0.1286159852294235, 0.1286159852294235, 0.1286159852294235, 0.1286159852294235, 0.1286159852294235, 0.1286159852294235, 0.1286159852294235, 0.1286159852294235, 0.1286159852294235, 0.1286159852294235, 0.1286159852294235, 0.1286159852294235, 0.1286159852294235, 0.12861598522942355, 0.12861598522942355, 0.12861598522942355, 0.12861598522942355, 0.12861598522942355, 0.12861598522942355, 0.12861598522942355, 0.12861598522942355, 0.12861598522942355, 0.12861598522942355, 0.12861598522942355, 0.12861598522942355, 0.12861598522942355, 0.12861598522942355, 0.12861598522942355, 0.12861598522942355, 0.12861598522942355, 0.12861598522942355, 0.12861598522942355, 0.12861598522942355, 0.12861598522942355, 0.12861598522942355, 0.12861598522942355, 0.12861598522942355, 0.12861598522942355, 0.12861598522942355, 0.12861598522942355, 0.12861598522942355, 0.12861598522942355, 0.12861598522942355, 0.12861598522942355, 0.12861598522942355, 0.12861598522942355, 0.12861598522942355, 0.12861598522942355, 0.12861598522942355, 0.12861598522942355, 0.12861598522942355, 0.12861598522942355, 0.12861598522942355, 0.12861598522942355, 0.12861598522942355, 0.12861598522942355, 0.12861598522942355, 0.12861598522942355, 0.12861598522942355, 0.12861598522942355, 0.12861598522942355, 0.12861598522942355, 0.12861598522942355, 0.12861598522942355, 0.12861598522942355, 0.12861598522942355, 0.12861598522942355, 0.12861598522942355, 0.12861598522942355, 0.12861598522942355, 0.12861598522942355, 0.12861598522942355, 0.12861598522942355, 0.12861598522942355, 0.12861598522942355, 0.12861598522942355, 0.12861598522942355, 0.12861598522942355, 0.12861598522942355, 0.12861598522942355, 0.12861598522942355, 0.12861598522942355, 0.12861598522942355, 0.12861598522942355, 0.12861598522942355, 0.12861598522942355, 0.12861598522942355, 0.12861598522942355, 0.12861598522942355, 0.12861598522942355, 0.12861598522942355, 0.12861598522942355, 0.1286159852294236, 0.1286159852294236, 0.1286159852294236, 0.1286159852294236, 0.1286159852294236, 0.1286159852294236, 0.1286159852294236, 0.1286159852294236, 0.1286159852294236, 0.1286159852294236, 0.1286159852294236, 0.1286159852294236, 0.1286159852294236, 0.1286159852294236, 0.1286159852294236, 0.1286159852294236, 0.1286159852294236, 0.1286159852294236, 0.1286159852294236, 0.1286159852294236, 0.1286159852294236, 0.1286159852294236, 0.1286159852294236, 0.1286159852294236, 0.1286159852294236, 0.1286159852294236, 0.1286159852294236, 0.1286159852294236, 0.1286159852294236, 0.1286159852294236, 0.1286159852294236, 0.1286159852294236, 0.1286159852294236, 0.1286159852294236, 0.1286159852294236, 0.1286159852294236, 0.1286159852294236, 0.1286159852294236, 0.1286159852294236, 0.1286159852294236, 0.1286159852294236, 0.1286159852294236, 0.1286159852294236, 