{"generation": 95, "fitness_history": [-0.17405995835471028, -0.14784982343055622, -0.13819755314206367, -0.12886236355921976, -0.12502207138347832, -0.12058302474843072, -0.11780741713560108, -0.11462256225623213, -0.11369816130925015, -0.1115966571476808, -0.11036036837555163, -0.1095613594410205, -0.10938030138638953, -0.10882093846906035, -0.10841555573025263, -0.10823877245487047, -0.10811667420403855, -0.1079007323921823, -0.10779814355277265, -0.10770720624450124, -0.10744517509262108, -0.10744517509262108, -0.10736409334834145, -0.10731583469794219, -0.10730142972733339, -0.10721130700140641, -0.10719885527000816, -0.10716080871522174, -0.10716080871522174, -0.1071001860965422, -0.10700860271734414, -0.10696116061503573, -0.10695321433723567, -0.10684026245240799, -0.10684026245240799, -0.10682676955405883, -0.10682676955405883, -0.10682676955405883, -0.10682676955405883, -0.10682676955405883, -0.10682676955405883, -0.10682676955405883, -0.10682676955405883, -0.10682676955405883, -0.10682676955405883, -0.10682676955405883, -0.10682676955405883, -0.10682676955405883, -0.10682676955405883, -0.10682676955405883, -0.10682676955405883, -0.10682676955405883, -0.10682676955405883, -0.10682676955405883, -0.10682676955405883, -0.10682676955405883, -0.10682676955405883, -0.10682676955405883, -0.10682676955405883, -0.10682676955405883, -0.10682676955405883, -0.10682676955405883, -0.10682676955405883, -0.10682676955405883, -0.10682676955405883, -0.10682676955405883, -0.10682676955405883, -0.10682676955405883, -0.10682676955405883, -0.10682676955405883, -0.10682676955405883, -0.10682676955405883, -0.10682676955405883, -0.10682676955405883, -0.10682676955405883, -0.10682676955405883, -0.10682676955405883, -0.10682676955405883, -0.10682676955405883, -0.10682676955405883, -0.10682676955405883, -0.10682676955405883, -0.10682676955405883, -0.10682676955405883, -0.10682676955405883, -0.10682676955405883, -0.10682676955405883, -0.10682676955405883, -0.10682676955405883, -0.10682676955405883, -0.10682676955405883, -0.10682676955405883, -0.10682676955405883, -0.10682676955405883, -0.10682676955405883, -0.10682676955405883], "rng_state": {"bit_generator": "PCG64", "state": {"state": 59172316962134818534535949896455483282, "inc": 110613725210073610656388938790337288503}, "has_uint32": 0, "uinteger": 487032182}, "saved_at": "2026-02-24T18:04:25.301613+00:00", "dna_genes": ["min_edge", "min_confidence", "sharp_weight", "momentum_weight", "rest_weight", "kelly_fraction", "max_stake", "home_bias", "away_bias", "h2h_weight", "draw_threshold", "volatility_buffer", "bayes_trust_factor"], "population_shape": [500, 13]}