{"generation": 95, "fitness_history": [-0.5839690161698188, -0.5666420516366365, -0.5338112569689649, -0.5237434845220014, -0.5079592283682622, -0.48280220502620047, -0.4817063667621998, -0.4766800871187974, -0.4704115311750783, -0.46937103107622963, -0.46774300044503, -0.46704134135087233, -0.4666566104434352, -0.46619418220718023, -0.46589951545461544, -0.4654299823879798, -0.4653603340550706, -0.4652397809106534, -0.4650006113019353, -0.4649849059840492, -0.4649437158611542, -0.46491934108244076, -0.46490871344087703, -0.46489680820437557, -0.4648758612595264, -0.4648758612595264, -0.4648653434547906, -0.4648653434547906, -0.464849112625816, -0.464849112625816, -0.4648220448975054, -0.4648220448975054, -0.46482165664507924, -0.46480528923284903, -0.46480528923284903, -0.46480528923284903, -0.46480528923284903, -0.46480528923284903, -0.46480528923284903, -0.46480528923284903, -0.46480528923284903, -0.46480528923284903, -0.46480528923284903, -0.46480528923284903, -0.46480528923284903, -0.46480528923284903, -0.46480528923284903, -0.46480528923284903, -0.46480528923284903, -0.46480528923284903, -0.46480528923284903, -0.46480528923284903, -0.46480528923284903, -0.46480528923284903, -0.46480528923284903, -0.46480528923284903, -0.46480528923284903, -0.46480528923284903, -0.46480528923284903, -0.46480528923284903, -0.46480528923284903, -0.46480528923284903, -0.46480528923284903, -0.46480528923284903, -0.46480528923284903, -0.46480528923284903, -0.46480528923284903, -0.46480528923284903, -0.46480528923284903, -0.46480528923284903, -0.46480528923284903, -0.46480528923284903, -0.46480528923284903, -0.46480528923284903, -0.46480528923284903, -0.46480528923284903, -0.46480528923284903, -0.46480528923284903, -0.46480528923284903, -0.46480528923284903, -0.46480528923284903, -0.46480528923284903, -0.46480528923284903, -0.46480528923284903, -0.46480528923284903, -0.46480528923284903, -0.46480528923284903, -0.46480528923284903, -0.46480528923284903, -0.46480528923284903, -0.46480528923284903, -0.46480528923284903, -0.46480528923284903, -0.46480528923284903, -0.46480528923284903, -0.46480528923284903], "rng_state": {"bit_generator": "PCG64", "state": {"state": 59172316962134818534535949896455483282, "inc": 110613725210073610656388938790337288503}, "has_uint32": 0, "uinteger": 487032182}, "saved_at": "2026-02-24T18:00:30.808786+00:00", "dna_genes": ["min_edge", "min_confidence", "sharp_weight", "momentum_weight", "rest_weight", "kelly_fraction", "max_stake", "home_bias", "away_bias", "h2h_weight", "draw_threshold", "volatility_buffer", "bayes_trust_factor"], "population_shape": [500, 13]}