{"generation": 395, "fitness_history": [-0.033057010884573454, -0.03042027800497335, -0.0241443924953237, -0.013132713258882683, -0.009991980575986437, -0.009899675182725567, -0.009140657980619124, -0.006950822214358235, -0.006950822214358235, -0.0065390824777460665, -0.006361136099231043, -0.006285560374174756, -0.00617538357653076, -0.006154912876927654, -0.006045374112739463, -0.005964334785742625, -0.005907409161575658, -0.005900742225144431, -0.005900742225143835, -0.005900604631887574, -0.005900593401309065, -0.005900593401308815, -0.0059005934013085515, -0.005900593401308468, -0.005900593401308413, -0.005900593401308413, -0.005900593401308177, -0.005900593401308177, -0.005900593401308177, -0.005900593401308177, -0.005900593401308177, -0.005900593401308177, -0.005900593401308177, -0.005900593401308177, -0.005900593401308177, -0.005900593401308177, -0.005900593401308177, -0.005900593401308177, -0.005900593401308177, -0.005900593401308177, -0.005900593401308177, -0.005900593401308177, -0.005900593401308177, -0.005900593401308177, -0.005900593401308177, -0.005900593401308177, -0.00590059340130808, -0.00590059340130808, -0.00590059340130808, -0.00590059340130808, -0.00590059340130808, -0.00590059340130808, -0.0059005824601207485, -0.005900580079903406, -0.005900580079902684, -0.005900580079902684, -0.005900580079902684, -0.005900580079902684, -0.005900580079902684, -0.005900580079902684, -0.005900580079902684, -0.005900580079902684, -0.005900580079902684, -0.005900580079902684, -0.005900580079902684, -0.005900580079902684, -0.005900580079902684, -0.005900580079902684, -0.005900580079902684, -0.0059005791532267815, -0.0059005791532267815, -0.0059005791532267815, -0.0059005791532267815, -0.0059005791532267815, -0.0059005791532267815, -0.0059005791532267815, -0.005900579153226726, -0.005900579153226726, -0.005900579153226726, -0.005900579153226726, -0.005900579153226726, -0.005900579153226726, -0.005900579153226726, -0.005900579153226657, -0.005900579153226657, -0.005900579153226657, -0.005900579153226657, -0.005900579153226657, -0.005900579153226657, -0.005900579153226657, -0.005900579153226657, -0.005900579153226657, -0.005900579153226657, -0.005900579153226657, -0.005900579153226657, -0.005900579153226657, -0.005900579153226657, -0.005900579153226657, -0.005900579153226657, -0.005900579153226657, -0.005900579153226657, -0.005900579153226657, -0.005900579153226657, -0.005900579153226657, -0.005900579153226657, -0.005900579153226629, -0.005900579153226629, -0.005900579153226629, -0.005900579153226629, -0.005900579153226629, -0.005900579153226629, -0.005900579153226629, -0.005900579153226629, -0.005900579153226629, -0.005900579153226629, -0.005900579153226629, -0.005900579153226629, -0.005900579153226629, -0.005900579153226629, -0.005900579153226629, -0.005900579153226629, -0.005900579153226629, -0.005900579153226629, -0.005900579153226629, -0.005900579153226629, -0.005900579153226629, -0.005900579153226629, -0.005900579153226629, -0.005900579153226129, -0.005900579153226129, -0.005900579153226129, -0.005900579153226129, -0.005900579153226129, -0.005900579153226129, -0.005900579153226129, -0.005900579153226129, -0.005900579153226129, -0.005900579153226129, -0.005900579153226129, -0.005900579153226129, -0.005900579153226129, -0.005900579153226129, -0.005900579153226129, -0.005900579153226129, -0.005900579153226129, -0.005900579153226129, -0.005900579153226129, -0.005900579153226129, -0.005900579153226129, -0.005900579153226129, -0.005900579153226129, -0.005900579153226129, -0.005900579153226129, -0.005900579153226129, -0.005900579153226129, -0.005900579153226129, -0.005900579153226129, -0.005900579153226129, -0.005900579153226129, -0.005900579153226129, -0.005900579153226129, -0.005900579153226129, -0.005900579153226129, -0.005900579153226129, -0.005900579153226129, -0.005900579153226129, -0.005900579153226129, -0.005900579153226129, -0.005900579153226129, -0.005900579153226129, -0.005900579153226129, -0.005900579153226129, -0.005900579153226129, -0.005900579153226129, -0.005900579153226129, -0.005900579153226129, -0.005900579153226129, -0.005900579153226129, -0.005900579153226129, -0.005900579153226129, -0.005900579153226129, -0.005900579153226129, -0.005900579153226129, -0.005900579153226129, -0.005900579153226129, -0.005900579153226129, -0.005900579153226129, -0.005900579153226129, -0.005900579153226129, -0.005900579153226129, -0.005900579153226129, -0.005900579153226129, -0.005900579153226129, -0.005900579153226129, -0.005900579153226129, -0.005900579153226129, -0.005900579153226129, -0.005900579153226129, -0.005900579153226129, -0.005900579153226129, -0.005900579153226129, -0.005900579153226129, -0.005900579153226129, -0.005900579153226129, -0.005900579153226129, -0.005900579153226129, -0.005900579153226129, -0.005900579153226129, -0.005900579153226129, -0.005900579153226129, -0.005900579153226129, -0.005900579153226129, -0.005900579153226129, -0.005900579153226129, -0.005900579153226129, -0.005900579153226129, -0.005900579153226129, -0.005900579153226129, -0.005900579153226129, -0.005900579153226129, -0.005900579153226129, -0.005900579153226129, -0.005900579153226129, -0.005900579153226129, -0.005900579153226129, -0.005900579153226129, -0.005900579153226129, -0.005900579153226129, -0.005900579153226129, -0.005900579153226129, -0.005900579153226129, -0.005900579153226129, -0.005900579153226129, -0.005900579153226129, -0.005900579153226129, -0.005900579153226129, -0.005900579153226129, -0.005900579153226129, -0.005900579153226129, -0.005900579153226129, -0.005900579153226129, -0.005900579153226129, -0.005900579153226129, -0.005900579153226129, -0.005900579153226129, -0.005900579153226129, -0.005900579153226129, -0.005900579153226129, -0.005900579153226129, -0.005900579153226129, -0.005900579153226129, -0.005900579153226129, -0.005900579153226129, -0.005900579153226129, -0.005900579153226129, -0.005900579153226129, -0.005900579153226129, -0.005900579153226129, -0.005900579153226129, -0.005900579153226129, -0.005900579153226129, -0.005900579153226129, -0.005900579153226129, -0.005900579153226129, -0.005900579153226129, -0.005900579153226129, -0.005900579153226129, -0.005900579153226129, -0.005900579153226129, -0.005900579153226129, -0.005900579153226129, -0.005900579153226129, -0.005900579153226129, -0.005900579153226129, -0.005900579153226129, -0.005900579153226129, -0.005900579153226129, -0.005900579153226129, -0.005900579153226129, -0.005900579153226129, -0.005900579153226129, -0.005900579153226129, -0.005900579153226129, -0.005900579153226129, -0.005900579153226129, -0.005900579153226129, -0.005900579153226129, -0.005900579055518593, -0.005900579055518593, -0.005900579055518593, -0.005900579055518593, -0.005900579055518593, -0.005900579055518593, -0.005900579055518593, -0.005900579055518593, -0.005900579055518593, -0.005900579055518593, -0.005900579055518593, -0.005900579055518593, -0.005900579055518593, -0.005900579055518593, -0.005900579055518593, -0.005900579055518593, -0.005900579055518593, -0.005900579055518593, -0.005900579055518593, -0.005900579055518593, -0.005900579055518593, -0.005900579055518593, -0.005900579055518593, -0.005900579055518593, -0.005900579055518593, -0.005900579055518593, -0.005900579055518593, -0.005900579055518593, -0.005900579055518593, -0.005900579055518593, -0.005900579055518593, -0.005900579055518593, -0.005900579055518593, -0.005900579055518593, -0.005900579055518593, -0.005900579055518593, -0.005900579055518593, -0.005900579055518593, -0.005900579055518593, -0.005900579055518593, -0.005900579055518593, -0.005900579055518593, -0.005900579055518593, -0.005900579055518593, -0.005900579055518593, -0.005900579055518593, -0.005900579055518593, -0.005900579055518593, -0.005900579055518593, -0.005900579055518593, -0.005900579055518593, -0.005900579055518593, -0.005900579055518593, -0.005900579055518593, -0.005900579055518593, -0.005900579055518593, -0.005900579055518593, -0.005900579055518593, -0.005900579055518593, 